[
    {
        "ParameterKey": "AvailabilityZones",
        "ParameterValue": "$[alfred_genaz_3]",
        "ssm_parameters": [
        {
          "name": "/org/member/sharedservices/primary_vpc/az_list",
          "value": "$[AZ]"
        }
      ]
    },
    {
        "ParameterKey": "NumberOfAZs",
        "ParameterValue": "3"
    },
    {
        "ParameterKey": "CreateAdditionalPrivateSubnets",
        "ParameterValue": "false"
    },
    {
        "ParameterKey": "CreatePrivateSubnets",
        "ParameterValue": "true"
    },
    {
        "ParameterKey": "CreatePublicSubnets",
        "ParameterValue": "true"
    },
    {
        "ParameterKey": "PrivateSubnet1ACIDR",
        "ParameterValue": "100.64.96.0/19"
    },
    {
        "ParameterKey": "PrivateSubnet1BCIDR",
        "ParameterValue": "None"
    },
    {
        "ParameterKey": "PrivateSubnet2ACIDR",
        "ParameterValue": "100.64.128.0/19"
    },
    {
        "ParameterKey": "PrivateSubnet2BCIDR",
        "ParameterValue": "None"
    },
    {
        "ParameterKey": "PrivateSubnet3ACIDR",
        "ParameterValue": "100.64.160.0/19"
    },
    {
        "ParameterKey": "PrivateSubnet3BCIDR",
        "ParameterValue": "None"
    },
    {
        "ParameterKey": "PrivateSubnet4ACIDR",
        "ParameterValue": "None"
    },
    {
        "ParameterKey": "PrivateSubnet4BCIDR",
        "ParameterValue": "None"
    },
    {
        "ParameterKey": "PublicSubnet1CIDR",
        "ParameterValue": "100.64.0.0/19"
    },
    {
        "ParameterKey": "PublicSubnet2CIDR",
        "ParameterValue": "100.64.32.0/19"
    },
    {
        "ParameterKey": "PublicSubnet3CIDR",
        "ParameterValue": "100.64.64.0/19"
    },
    {
        "ParameterKey": "PublicSubnet4CIDR",
        "ParameterValue": "None"
    },
    {
        "ParameterKey": "VPCCIDR",
        "ParameterValue": "100.64.0.0/16"
    },
    {
        "ParameterKey": "TransitVPC",
        "ParameterValue": "false"
    },
    {
        "ParameterKey": "LogsRetentionInDays",
        "ParameterValue": "90"
    }
]